id,name,model_id:id,group_id:id,perm_read,perm_write,perm_create,perm_unlink
access_construction_project_type_user,construction.project.type user,model_construction_project_type,base.group_user,1,0,0,0
access_construction_project_type_admin,construction.project.type admin,model_construction_project_type,base.group_system,1,1,1,1
access_construction_project_user,construction.project user,model_construction_project,base.group_user,1,1,1,0
access_construction_project_admin,construction.project admin,model_construction_project,base.group_system,1,1,1,1
access_construction_rfi_user,construction.rfi user,model_construction_rfi,base.group_user,1,1,1,0
access_construction_rfi_admin,construction.rfi admin,model_construction_rfi,base.group_system,1,1,1,1
access_construction_daily_log_user,construction.daily.log user,model_construction_daily_log,base.group_user,1,1,1,0
access_construction_daily_log_admin,construction.daily.log admin,model_construction_daily_log,base.group_system,1,1,1,1
access_construction_daily_log_manpower_user,construction.daily.log.manpower user,model_construction_daily_log_manpower,base.group_user,1,1,1,0
access_construction_daily_log_manpower_admin,construction.daily.log.manpower admin,model_construction_daily_log_manpower,base.group_system,1,1,1,1
access_construction_daily_log_equipment_user,construction.daily.log.equipment user,model_construction_daily_log_equipment,base.group_user,1,1,1,0
access_construction_daily_log_equipment_admin,construction.daily.log.equipment admin,model_construction_daily_log_equipment,base.group_system,1,1,1,1
access_construction_ncr_user,construction.ncr user,model_construction_ncr,base.group_user,1,1,1,0
access_construction_ncr_admin,construction.ncr admin,model_construction_ncr,base.group_system,1,1,1,1
access_construction_transmittal_user,construction.transmittal user,model_construction_transmittal,base.group_user,1,1,1,0
access_construction_transmittal_admin,construction.transmittal admin,model_construction_transmittal,base.group_system,1,1,1,1
access_construction_transmittal_line_user,construction.transmittal.line user,model_construction_transmittal_line,base.group_user,1,1,1,0
access_construction_transmittal_line_admin,construction.transmittal.line admin,model_construction_transmittal_line,base.group_system,1,1,1,1
access_construction_shop_drawing_user,construction.shop.drawing user,model_construction_shop_drawing,base.group_user,1,1,1,0
access_construction_shop_drawing_admin,construction.shop.drawing admin,model_construction_shop_drawing,base.group_system,1,1,1,1
access_construction_permit_type_user,construction.permit.type user,model_construction_permit_type,base.group_user,1,0,0,0
access_construction_permit_type_admin,construction.permit.type admin,model_construction_permit_type,base.group_system,1,1,1,1
access_construction_work_permit_user,construction.work.permit user,model_construction_work_permit,base.group_user,1,1,1,0
access_construction_work_permit_admin,construction.work.permit admin,model_construction_work_permit,base.group_system,1,1,1,1
access_construction_risk_register_user,construction.risk.register user,model_construction_risk_register,base.group_user,1,1,1,0
access_construction_risk_register_admin,construction.risk.register admin,model_construction_risk_register,base.group_system,1,1,1,1
access_construction_toolbox_talk_user,construction.toolbox.talk user,model_construction_toolbox_talk,base.group_user,1,1,1,0
access_construction_toolbox_talk_admin,construction.toolbox.talk admin,model_construction_toolbox_talk,base.group_system,1,1,1,1
access_construction_safety_observation_user,construction.safety.observation user,model_construction_safety_observation,base.group_user,1,1,1,0
access_construction_safety_observation_admin,construction.safety.observation admin,model_construction_safety_observation,base.group_system,1,1,1,1
access_construction_site_attendance_user,construction.site.attendance user,model_construction_site_attendance,base.group_user,1,1,1,0
access_construction_site_attendance_admin,construction.site.attendance admin,model_construction_site_attendance,base.group_system,1,1,1,1
access_construction_visitor_log_user,construction.visitor.log user,model_construction_visitor_log,base.group_user,1,1,1,0
access_construction_visitor_log_admin,construction.visitor.log admin,model_construction_visitor_log,base.group_system,1,1,1,1
access_construction_estimate_user,construction.estimate user,model_construction_estimate,base.group_user,1,1,1,0
access_construction_estimate_admin,construction.estimate admin,model_construction_estimate,base.group_system,1,1,1,1
access_construction_estimate_line_user,construction.estimate.line user,model_construction_estimate_line,base.group_user,1,1,1,0
access_construction_estimate_line_admin,construction.estimate.line admin,model_construction_estimate_line,base.group_system,1,1,1,1
access_construction_budget_user,construction.budget user,model_construction_budget,base.group_user,1,1,1,0
access_construction_budget_admin,construction.budget admin,model_construction_budget,base.group_system,1,1,1,1
access_construction_budget_line_user,construction.budget.line user,model_construction_budget_line,base.group_user,1,1,1,0
access_construction_budget_line_admin,construction.budget.line admin,model_construction_budget_line,base.group_system,1,1,1,1
access_construction_cost_sheet_user,construction.cost.sheet user,model_construction_cost_sheet,base.group_user,1,1,1,0
access_construction_cost_sheet_admin,construction.cost.sheet admin,model_construction_cost_sheet,base.group_system,1,1,1,1
access_construction_cost_sheet_line_user,construction.cost.sheet.line user,model_construction_cost_sheet_line,base.group_user,1,1,1,0
access_construction_cost_sheet_line_admin,construction.cost.sheet.line admin,model_construction_cost_sheet_line,base.group_system,1,1,1,1
access_construction_change_order_user,construction.change.order user,model_construction_change_order,base.group_user,1,1,1,0
access_construction_change_order_admin,construction.change.order admin,model_construction_change_order,base.group_system,1,1,1,1
access_construction_ipc_user,construction.ipc user,model_construction_ipc,base.group_user,1,1,1,0
access_construction_ipc_admin,construction.ipc admin,model_construction_ipc,base.group_system,1,1,1,1
access_construction_wbs_user,construction.wbs user,model_construction_wbs,base.group_user,1,1,1,0
access_construction_wbs_admin,construction.wbs admin,model_construction_wbs,base.group_system,1,1,1,1
access_construction_milestone_user,construction.milestone user,model_construction_milestone,base.group_user,1,1,1,0
access_construction_milestone_admin,construction.milestone admin,model_construction_milestone,base.group_system,1,1,1,1
access_construction_document_user,construction.document user,model_construction_document,base.group_user,1,1,1,0
access_construction_document_admin,construction.document admin,model_construction_document,base.group_system,1,1,1,1
access_construction_equipment_user,construction.equipment user,model_construction_equipment,base.group_user,1,1,1,0
access_construction_equipment_admin,construction.equipment admin,model_construction_equipment,base.group_system,1,1,1,1
access_construction_equipment_maintenance_user,construction.equipment.maintenance user,model_construction_equipment_maintenance,base.group_user,1,1,1,0
access_construction_equipment_maintenance_admin,construction.equipment.maintenance admin,model_construction_equipment_maintenance,base.group_system,1,1,1,1
